{"0": [222921.95262125568, 4.013527031474806, 4.837119236648922], "1": [121129.35449349441, 5.494898332459182, 3.4569562729790526], "2": [230252.7427729347, 3.8999328484419147, 4.494887467745592], "3": [105364.14094977164, 3.999350280149094, 3.23086508719086], "4": [27273.531587661342, 8.276222395269542, 2.934993953211545], "5": [107852.08391734918, 4.851553421951582, 3.1740773031791365], "6": [174789.59000499727, 4.475745879310949, 3.9049510710236435], "7": [184676.7717315964, 4.2364348663644025, 4.513403476055594], "8": [206624.4301330033, 4.211551678709917, 4.865492542446241], "9": [53025.29646437632, 7.175315545631204, 2.891423667632344], "10": [192746.42275757287, 4.102134506709425, 5.085758714014726], "11": [64766.79720694286, 4.944531642403918, 3.4652424603684344], "12": [112786.99520387418, 4.824322283868832, 4.394030675388492], "13": [93957.68522969808, 7.1661773939676925, 4.019491633062552], "14": [65749.16384774816, 6.397135672127582, 3.1235280601546784], "15": [100139.37739150957, 5.461313316289928, 3.946062097427704], "16": [105832.04680486262, 4.6577369310067995, 3.9315061320351563], "17": [190947.91236994794, 3.9732856460514614, 4.6510560570388], "18": [68713.199030792, 6.943532699554635, 2.637575892409302], "19": [86517.03979619456, 4.07879368703617, 3.434282119255578], "20": [62800.96449989748, 5.690280541520434, 3.255687483019634], "21": [163173.3115659467, 4.710115261215844, 4.17939572646324], "22": [178885.3207976203, 3.3597296540072863, 4.242226453183985], "23": [224936.35574653963, 2.917288668873915, 4.4306394164384715], "24": [105833.61113588954, 6.135436205957705, 3.907558789569137], "25": [124608.41874989076, 4.550612687979077, 3.3105803493678834], "26": [70584.59239448364, 5.104602765383949, 3.164244822940437], "27": [100493.88252241696, 5.056984232574658, 3.5585903010820132], "28": [69761.37275490737, 6.097625604600067, 3.806172268868044], "29": [83247.8915450256, 4.895631599121763, 3.90083920174664], "30": [75536.88671468516, 4.739957483960777, 2.91534513116196], "31": [40244.334151232426, 7.857144607885462, 2.7804275989169405], "32": [686822.9300989253, 1.4309394980233732, 15.290668365061936], "33": [458404945.30238503, 1.5469619412480784, 7453.622318603032], "34": [1009926.4450384824, 1.5759204754957767, 20.583139542290507], "35": [207948.03248766132, 1.7464153799165734, 6.5860959707426705], "36": [1474174.2641503569, 1.3985941977740426, 20.344099355690123], "37": [166751869.85756534, 1.5043839535730499, 2556.900527223415], "38": [9503863.318600455, 1.3043276963623418, 120.25319069956782], "39": [421301926.50114757, 1.4863456557768355, 7132.582276016075], "40": [235921580.9721161, 1.0266735198605856, 1741.511184314518], "41": [335409.2515895592, 1.6594982944193353, 8.008924617509075], "42": [545916.9654552162, 1.517471089803894, 11.07877384885048], "43": [216120234.76851565, 1.480875203489884, 3088.5053315940777], "44": [418674.85578773904, 1.9031389895016728, 11.480512921633979], "45": [4018070.654819544, 1.3834525357158325, 62.93109960617227], "46": [828788.1355968096, 1.6394509742277903, 19.376419694454263], "47": [1036239.3346895315, 1.6832873814590639, 23.930273162374462], "48": [640977.9361058467, 1.6661523964280243, 14.56163716521142], "49": [652856.4315218909, 1.476408740529863, 15.181591065947588], "50": [1101960.9661280809, 1.2364429557193375, 20.630796840857503], "51": [422963.3906555802, 1.7362668195523865, 10.741388917560254], "52": [263934268.53517497, 1.4159140896783875, 3377.245520630815], "53": [432004839.5061584, 1.2691106634395863, 4932.826408723237], "54": [730211.4432859259, 1.5727336088460622, 15.884177826262308], "55": [165888284.36494517, 1.573021658930168, 2839.6992651099904], "56": [397254.2352174555, 1.466827162904724, 10.431661972336602], "57": [593519.8426316545, 1.584875967027601, 13.70655922502116], "58": [676739.29290809, 1.6778913816141454, 16.67016056771959], "59": [1760546.263735536, 1.6590449100858229, 38.129334324709326], "60": [1925740.8706954496, 1.5079622865660753, 37.05614773653127], "61": [145920996.05567336, 1.563532239056681, 2360.2760737235762], "62": [154895364.65689343, 1.3429465528760334, 1848.3762621134395], "63": [588461.13527802, 1.4316804450366791, 13.20538924995844], "64": [2230288.3200708264, 1.2229456151924076, 28.73705053614241], "65": [365036.53103152715, 1.6171226795886273, 8.709119700600631], "66": [772147.3803541329, 1.5823172636505116, 16.18644461226726], "67": [763270.7600413708, 1.5544324969297556, 16.6921930349834], "68": [460099.1153312441, 1.5942384649317782, 11.323691292550953], "69": [69650557.21321702, 1.4914039643586696, 1225.5129706044315], "70": [900417.2246666576, 1.4895884919051454, 17.1853364999795], "71": [173331467.938056, 1.4149938370828479, 2835.818056321389], "72": [763131.3124794657, 1.4932138133964254, 16.250471636303136], "73": [677530.7964943667, 1.7653398102271982, 17.123823186869096], "74": [328043.29555409506, 1.6635130624681402, 8.399736507389544], "75": [935965.7551741803, 1.4829445375686447, 17.226157998265784], "76": [100877650.84763752, 1.7423227756216844, 1935.55894693823], "77": [1135074.1124422117, 1.5983455091846508, 23.795249991343844], "78": [2091835.0989484466, 1.434684048848297, 30.79633823063748], "79": [91231179.72784707, 1.4758740941898487, 1340.0101834061613], "80": [399285.6804095917, 1.5481793680094151, 10.819118971178236], "81": [1323232.4645241273, 1.7111643453213339, 29.827882478012953], "82": [173163518.68137974, 1.589624380289145, 3500.468600765928], "83": [18496.686556854238, 5.099540457708307, 3.0279557651275937], "84": [22.603680340510927, 2082.196268996934, 1.9575321902887515], "85": [20188.4242846306, 3.425483951331585, 2.468736618045639], "86": [33818.56365452803, 2.580286152236746, 2.514430542867789], "87": [9605.25732923444, 5.850612323449105, 2.3808424236402597], "88": [34100.52062789747, 3.1940347880655953, 2.9265424849340946], "89": [6502.872406142913, 8.566979425342824, 2.449246279470035], "90": [3076.1323453085824, 18.27049768895699, 2.7093129747878013], "91": [1665027.430313828, 0.21740061018633125, 59.82255543579642], "92": [9882.734122132184, 5.8986134155918615, 2.439293694357704], "93": [14739.248608567157, 5.249450144539671, 2.572408336960248], "94": [8872.020991871523, 5.6595171475270165, 2.197591242137939], "95": [28625.27832425054, 3.044893577438997, 2.8703005090222353], "96": [2530.261146789469, 17.218429991722704, 2.3084528428848556], "97": [23866.9698628388, 3.8923548858081327, 2.741733753331769], "98": [11760.912885600048, 5.296271709132446, 2.351916066405785], "99": [6664.479889917363, 13.040213315777452, 2.4271314270909805], "100": [9952.500728707384, 7.9671523568017, 2.2931909075624812], "101": [25199.692172061477, 4.07395901376761, 2.530550909182417], "102": [13641.548304029291, 7.573511992894412, 2.158381632841624], "103": [27229.042581329202, 4.167075947124726, 2.658938441447576], "104": [37043.506913977726, 4.8363036523983345, 3.5105468843509957], "105": [26502.994149108737, 5.417442369360796, 2.885854937366341], "106": [12360.963667675851, 8.914538887729826, 2.650428207201723], "107": [12792.319945860263, 6.599923535076429, 2.278582370864099], "108": [19479.655938421736, 5.550241729334459, 2.6253448362451977], "109": [82368.20108923133, 2.055481891883344, 2.1382994236685726]}