{"0": [222921.96752235643, 4.013526896258127, 4.837119362475747], "1": [121129.33710164228, 5.494899151429412, 3.456956326976272], "2": [230252.83875647362, 3.899932360818139, 4.4948885593846555], "3": [105364.09664501829, 3.999351240564593, 3.230864688254241], "4": [27273.520582445668, 8.27622466362571, 2.934993678748212], "5": [107852.10843964931, 4.851552479679624, 3.174077333320015], "6": [174789.59000499727, 4.475745879310949, 3.9049510710236435], "7": [184676.79651835654, 4.236434679983357, 4.513403821267899], "8": [206625.08373936155, 4.211545904165209, 4.865499595502805], "9": [53025.45375491347, 7.175299173682917, 2.89142489066829], "10": [192746.42761134927, 4.1021345256256065, 5.085758858884609], "11": [64766.662724360714, 4.944538047686467, 3.4652405388589806], "12": [112786.86881866082, 4.824325026854036, 4.394028799003485], "13": [93957.6982255606, 7.166176748655432, 4.019491777278062], "14": [65749.17163368735, 6.397136930737468, 3.1235290110547607], "15": [100139.35739419216, 5.461313928767003, 3.9460618319097365], "16": [105832.07078855949, 4.6577365162769695, 3.9315065791999664], "17": [190948.03150733488, 3.973284332017434, 4.651057076163556], "18": [68713.13783635058, 6.943538029837977, 2.637575737449757], "19": [86517.06832632994, 4.078792861163523, 3.434282420426155], "20": [62800.91815079236, 5.690282996623138, 3.2556867428438663], "21": [163173.29727676613, 4.71011544330309, 4.179395563442709], "22": [178885.20157811977, 3.3597304247737765, 4.242224977605197], "23": [224936.39174771914, 2.91728853049305, 4.430639820924805], "24": [105833.57202918851, 6.135437673222765, 3.9075584118144207], "25": [124608.42545485559, 4.550612582386007, 3.3105804208094916], "26": [70584.558471162, 5.104604532446365, 3.164244559135268], "27": [100494.02664828426, 5.056980057628488, 3.5585918908413214], "28": [69761.24430070339, 6.097632862815868, 3.8061704493689588], "29": [83247.83574638759, 4.895633509690852, 3.900838393116059], "30": [75536.80066429198, 4.739960737883961, 2.915344214623115], "31": [40244.334151232426, 7.857144607885462, 2.7804275989169405], "32": [686816.6348637728, 1.4309404237279202, 15.290546175990762], "33": [574966997.8455807, 1.546932964058333, 9348.554033503582], "34": [1010010.3110058889, 1.5759142931377839, 20.584685059002364], "35": [207947.9801150712, 1.7464154998066428, 6.5860950201498705], "36": [1474161.6655123543, 1.3985945829448656, 20.34393700368809], "37": [195378980.9879509, 1.504314222778992, 2995.553122396861], "38": [9511286.77165249, 1.3043223320317787, 120.3460662240936], "39": [306143902.592795, 1.486522901461669, 5183.9256558014895], "40": [579689465.2821862, 1.026563313456893, 4278.0289112756755], "41": [335411.08553424093, 1.659497542785499, 8.008960442111354], "42": [545917.8784558206, 1.5174709795254886, 11.078790432741043], "43": [170988739.87673175, 1.4810844481113208, 2444.1286408112965], "44": [418671.1040988716, 1.9031409646485105, 11.480431872997187], "45": [4016487.8062029537, 1.3834597801202677, 62.906955090679034], "46": [828787.7238860099, 1.6394507857528298, 19.376411185709078], "47": [1036238.3814274314, 1.6832877849502068, 23.93025829689057], "48": [640979.3252971276, 1.666152312244963, 14.561664830412397], "49": [652853.2906311889, 1.4764094476142002, 15.181531136145594], "50": [1101954.569418288, 1.2364432154071405, 20.630686212672305], "51": [422963.3822985953, 1.7362668026302732, 10.741388517786435], "52": [273084595.21958244, 1.415931085125455, 3494.331471975761], "53": [289046434.3743277, 1.2691320136787774, 3300.6834353809695], "54": [730212.4711314598, 1.5727333124554592, 15.88419504175772], "55": [154164179.4095722, 1.573046794554046, 2639.1263940514373], "56": [397253.8410650001, 1.4668274881927346, 10.43165488973959], "57": [593518.9174812178, 1.5848763618278674, 13.706542446278501], "58": [676732.5388486332, 1.6778924024756807, 16.67001335616254], "59": [1760640.3910746882, 1.6590421701908649, 38.13126703306878], "60": [1925697.754825659, 1.5079643127078373, 37.0553789947898], "61": [272005413.4703371, 1.5632142277246925, 4397.996643862034], "62": [255007338.80047607, 1.3427383832208126, 3042.052808094429], "63": [588455.7768145872, 1.4316815255714994, 13.2052873971849], "64": [2230498.8098606146, 1.2229431678696203, 28.739639218359336], "65": [365035.8028936908, 1.6171231069138154, 8.709106767875452], "66": [772166.0832643205, 1.5823144616249967, 16.186782510564537], "67": [763268.965673535, 1.554432689198075, 16.69215822284322], "68": [460100.14146957116, 1.5942377551347204, 11.323709159692477], "69": [154249290.3233414, 1.4907501045725313, 2711.772516615577], "70": [900417.751159744, 1.4895884982856207, 17.18534578197514], "71": [136646590.788404, 1.4150537278275286, 2235.867055355839], "72": [763127.7200978143, 1.4932139782524045, 16.250401193782327], "73": [677540.0675308524, 1.7653382659483936, 17.124029179188557], "74": [328042.9351528012, 1.663513317868881, 8.39972973599652], "75": [935973.3909029793, 1.4829439728580012, 17.226285510633183], "76": [276689332.1164249, 1.741699161148916, 5305.4873698418505], "77": [1135093.3351417219, 1.5983446301441189, 23.795627408407732], "78": [2092053.556365869, 1.4346803941943387, 30.79939862454165], "79": [237429763.77676246, 1.4753301204226603, 3484.88687919478], "80": [399283.6603473538, 1.5481804109013102, 10.819077239274453], "81": [1323215.807550145, 1.7111651435406787, 29.82753311201319], "82": [195959968.767814, 1.5895444424261498, 3960.9799924328663], "83": [18496.713915734843, 5.099534901914695, 3.0279565000767286], "84": [26.36041105624473, 1785.642759037503, 1.9576959495015813], "85": [20188.4242846306, 3.425483951331585, 2.468736618045639], "86": [33818.51706092998, 2.5802884151328573, 2.5144298242994068], "87": [9605.26569043059, 5.850607960521682, 2.380842588565138], "88": [34100.493788362546, 3.1940357604898932, 2.9265415283545204], "89": [6502.882345288144, 8.566969182110098, 2.449246704995371], "90": [3075.9448789646217, 18.271537871145156, 2.7093065702136556], "91": [15080.492766230369, 4.901537398503044, 2.797314504458161], "92": [9882.738374737186, 5.898610805768329, 2.4392936626697357], "93": [5699896779.959156, 1.1814191252932984, 134538.67950694126], "94": [8872.041083577004, 5.659506458730742, 2.1975916585162687], "95": [28625.319175623532, 3.044890814142479, 2.8703014346314126], "96": [2530.287081299184, 17.218263987780006, 2.3084535296925504], "97": [23866.938557824848, 3.892357799039547, 2.741732792282079], "98": [11760.925712272097, 5.2962670471827815, 2.3519163474008664], "99": [6664.45691043375, 13.040253186870245, 2.4271309188893837], "100": [9952.506197075505, 7.9671488569899145, 2.2931910172164036], "101": [25199.678876550297, 4.073960495714593, 2.5305506765801358], "102": [13641.564915823594, 7.573504397828671, 2.1583818622747066], "103": [27229.03630392992, 4.167076562426308, 2.658938310698927], "104": [37043.47966048208, 4.836305877056576, 3.5105462573749704], "105": [26502.99862615888, 5.417441769284507, 2.885855041459511], "106": [12360.962784038684, 8.914539413021751, 2.650428188595385], "107": [12792.291061783539, 6.599935312841686, 2.2785817936183927], "108": [19479.6489503328, 5.550243118030352, 2.625344675429957], "109": [82368.29353783361, 2.055480663868496, 2.1382999052874196]}